{"cameraMode":{"drawMode":0,"name":"Shaded","section":"Shading Mode"},"sceneLighting":true,"audioPlay":false,"sceneViewState":{"m_AlwaysRefresh":false,"showFog":true,"showSkybox":true,"showFlares":true,"showImageEffects":true,"showParticleSystems":true,"showVisualEffectGraphs":true,"m_FxEnabled":true},"in2DMode":false,"pivot":{"x":-20.388296127319337,"y":-6.687485694885254,"z":28.778453826904298},"rotation":{"x":0.0907190665602684,"y":-0.4572169780731201,"z":0.046926163136959079,"w":0.8835031390190125},"size":26.582853317260743,"orthographic":false}