{"cameraMode":{"drawMode":0,"name":"Shaded","section":"Shading Mode"},"sceneLighting":true,"audioPlay":false,"sceneViewState":{"m_AlwaysRefresh":false,"showFog":true,"showSkybox":true,"showFlares":true,"showImageEffects":true,"showParticleSystems":true,"showVisualEffectGraphs":true,"m_FxEnabled":true},"in2DMode":false,"pivot":{"x":1382.8194580078125,"y":-11.761629104614258,"z":26.463212966918947},"rotation":{"x":0.2784882187843323,"y":0.025397194549441339,"z":-0.007374565117061138,"w":0.960105836391449},"size":39.71846008300781,"orthographic":false}