{"cameraMode":{"drawMode":0,"name":"Shaded","section":"Shading Mode"},"sceneLighting":true,"audioPlay":false,"sceneViewState":{"m_AlwaysRefresh":false,"showFog":true,"showSkybox":true,"showFlares":true,"showImageEffects":true,"showParticleSystems":true,"showVisualEffectGraphs":true,"m_FxEnabled":true},"in2DMode":false,"pivot":{"x":1408.4007568359375,"y":26.513561248779298,"z":73.87373352050781},"rotation":{"x":0.06003960594534874,"y":-0.08877447992563248,"z":0.00536568695679307,"w":0.9942663908004761},"size":115.39665222167969,"orthographic":false}