{"cameraMode":{"drawMode":0,"name":"Shaded","section":"Shading Mode"},"sceneLighting":true,"audioPlay":false,"sceneViewState":{"m_AlwaysRefresh":false,"showFog":true,"showSkybox":true,"showFlares":true,"showImageEffects":true,"showParticleSystems":true,"showVisualEffectGraphs":true,"m_FxEnabled":true},"in2DMode":false,"pivot":{"x":16.69234275817871,"y":11.868873596191407,"z":-5.4925079345703129},"rotation":{"x":0.23820288479328156,"y":-0.14557288587093354,"z":0.036121219396591189,"w":0.9595939517021179},"size":2.491194486618042,"orthographic":false}