{"cameraMode":{"drawMode":0,"name":"Shaded","section":"Shading Mode"},"sceneLighting":true,"audioPlay":false,"sceneViewState":{"m_AlwaysRefresh":false,"showFog":true,"showSkybox":true,"showFlares":true,"showImageEffects":true,"showParticleSystems":true,"showVisualEffectGraphs":true,"m_FxEnabled":true},"in2DMode":false,"pivot":{"x":3.6066436767578127,"y":-0.4056386947631836,"z":24.894906997680665},"rotation":{"x":0.13367731869220735,"y":-0.8384568095207214,"z":0.23747465014457704,"w":0.47196778655052187},"size":7.544051170349121,"orthographic":false}