{"cameraMode":{"drawMode":0,"name":"Shaded","section":"Shading Mode"},"sceneLighting":true,"audioPlay":false,"sceneViewState":{"m_AlwaysRefresh":false,"showFog":true,"showSkybox":true,"showFlares":true,"showImageEffects":true,"showParticleSystems":true,"showVisualEffectGraphs":true,"m_FxEnabled":true},"in2DMode":false,"pivot":{"x":1361.572021484375,"y":-0.9518346786499023,"z":4.6907806396484379},"rotation":{"x":0.09048314392566681,"y":-0.5219434499740601,"z":0.055795446038246158,"w":0.846360981464386},"size":15.23355770111084,"orthographic":false}