{"cameraMode":{"drawMode":0,"name":"Shaded","section":"Shading Mode"},"sceneLighting":true,"audioPlay":false,"sceneViewState":{"m_AlwaysRefresh":false,"showFog":true,"showSkybox":true,"showFlares":true,"showImageEffects":true,"showParticleSystems":true,"showVisualEffectGraphs":true,"m_FxEnabled":true},"in2DMode":false,"pivot":{"x":1360.9053955078125,"y":8.823565483093262,"z":-9.114733695983887},"rotation":{"x":0.2477501928806305,"y":0.11972753703594208,"z":-0.030865736305713655,"w":0.9609901905059815},"size":11.706615447998047,"orthographic":false}