{"cameraMode":{"drawMode":0,"name":"Shaded","section":"Shading Mode"},"sceneLighting":true,"audioPlay":false,"sceneViewState":{"m_AlwaysRefresh":false,"showFog":true,"showSkybox":true,"showFlares":true,"showImageEffects":true,"showParticleSystems":true,"showVisualEffectGraphs":true,"m_FxEnabled":true},"in2DMode":false,"pivot":{"x":14.938262939453125,"y":0.2757420539855957,"z":14.890438079833985},"rotation":{"x":0.12411758303642273,"y":-0.031849224120378497,"z":0.003980787005275488,"w":0.9917626976966858},"size":16.519773483276368,"orthographic":false}