{"cameraMode":{"drawMode":0,"name":"Shaded","section":"Shading Mode"},"sceneLighting":true,"audioPlay":false,"sceneViewState":{"m_AlwaysRefresh":false,"showFog":true,"showSkybox":true,"showFlares":true,"showImageEffects":true,"showParticleSystems":true,"showVisualEffectGraphs":true,"m_FxEnabled":true},"in2DMode":false,"pivot":{"x":18.389999389648439,"y":0.2500009536743164,"z":3.1055238246917726},"rotation":{"x":-0.22060157358646394,"y":-0.24282830953598023,"z":0.05680963769555092,"w":-0.9429668188095093},"size":12.12435531616211,"orthographic":false}