{"cameraMode":{"drawMode":0,"name":"Shaded","section":"Shading Mode"},"sceneLighting":true,"audioPlay":false,"sceneViewState":{"m_AlwaysRefresh":false,"showFog":true,"showSkybox":true,"showFlares":true,"showImageEffects":true,"showParticleSystems":true,"showVisualEffectGraphs":true,"m_FxEnabled":true},"in2DMode":false,"pivot":{"x":16.422012329101564,"y":0.9398765563964844,"z":-3.4405670166015627},"rotation":{"x":-0.29712510108947756,"y":0.09743975102901459,"z":-0.030502839013934137,"w":-0.9493820667266846},"size":6.116800785064697,"orthographic":false}