{"cameraMode":{"drawMode":0,"name":"Shaded","section":"Shading Mode"},"sceneLighting":true,"audioPlay":false,"sceneViewState":{"m_AlwaysRefresh":false,"showFog":true,"showSkybox":true,"showFlares":true,"showImageEffects":true,"showParticleSystems":true,"showVisualEffectGraphs":true,"m_FxEnabled":true},"in2DMode":false,"pivot":{"x":14.620048522949219,"y":0.27574968338012698,"z":12.120216369628907},"rotation":{"x":0.3868386745452881,"y":-0.0502699576318264,"z":0.021119307726621629,"w":0.9205669164657593},"size":18.826860427856447,"orthographic":false}