{"cameraMode":{"drawMode":0,"name":"Shaded","section":"Shading Mode"},"sceneLighting":true,"audioPlay":false,"sceneViewState":{"m_AlwaysRefresh":false,"showFog":true,"showSkybox":true,"showFlares":true,"showImageEffects":true,"showParticleSystems":true,"showVisualEffectGraphs":true,"m_FxEnabled":true},"in2DMode":false,"pivot":{"x":1381.8699951171875,"y":0.36999988555908205,"z":2.9200000762939455},"rotation":{"x":0.27748751640319826,"y":0.4070228338241577,"z":-0.1312774419784546,"w":0.8603261709213257},"size":12.12435531616211,"orthographic":false}