{"cameraMode":{"drawMode":0,"name":"Shaded","section":"Shading Mode"},"sceneLighting":true,"audioPlay":false,"sceneViewState":{"m_AlwaysRefresh":false,"showFog":true,"showSkybox":true,"showFlares":true,"showImageEffects":true,"showParticleSystems":true,"showVisualEffectGraphs":true,"m_FxEnabled":true},"in2DMode":false,"pivot":{"x":11.443793296813965,"y":-10.39199447631836,"z":-17.504901885986329},"rotation":{"x":-0.30980512499809267,"y":-0.04280516132712364,"z":0.013964119367301464,"w":-0.9497572183609009},"size":19.845914840698243,"orthographic":false}