{"cameraMode":{"drawMode":0,"name":"Shaded","section":"Shading Mode"},"sceneLighting":true,"audioPlay":false,"sceneViewState":{"m_AlwaysRefresh":false,"showFog":true,"showSkybox":true,"showFlares":true,"showImageEffects":true,"showParticleSystems":true,"showVisualEffectGraphs":true,"m_FxEnabled":true},"in2DMode":false,"pivot":{"x":1380.5653076171875,"y":-1.1041698455810547,"z":17.849512100219728},"rotation":{"x":0.1974261850118637,"y":-0.08575747162103653,"z":0.01733531802892685,"w":0.9764325618743897},"size":15.419963836669922,"orthographic":false}