{"cameraMode":{"drawMode":0,"name":"Shaded","section":"Shading Mode"},"sceneLighting":false,"audioPlay":false,"sceneViewState":{"m_AlwaysRefresh":false,"showFog":true,"showSkybox":false,"showFlares":true,"showImageEffects":true,"showParticleSystems":true,"showVisualEffectGraphs":true,"m_FxEnabled":true},"in2DMode":false,"pivot":{"x":-0.008466854691505432,"y":0.0003255605697631836,"z":0.08722561597824097},"rotation":{"x":0.5282911062240601,"y":0.47132301330566409,"z":-0.4847947061061859,"w":0.5135855674743652},"size":0.3715299367904663,"orthographic":true}