{"cameraMode":{"drawMode":0,"name":"Shaded","section":"Shading Mode"},"sceneLighting":false,"audioPlay":false,"sceneViewState":{"m_AlwaysRefresh":false,"showFog":true,"showSkybox":false,"showFlares":true,"showImageEffects":true,"showParticleSystems":true,"showVisualEffectGraphs":true,"m_FxEnabled":true},"in2DMode":false,"pivot":{"x":0.19312220811843873,"y":0.1252061277627945,"z":0.008979454636573792},"rotation":{"x":-0.48669955134391787,"y":0.5127301812171936,"z":-0.4822911024093628,"w":-0.5174230337142944},"size":0.8803160190582275,"orthographic":false}