{"cameraMode":{"drawMode":0,"name":"Shaded","section":"Shading Mode"},"sceneLighting":false,"audioPlay":false,"sceneViewState":{"m_AlwaysRefresh":false,"showFog":true,"showSkybox":false,"showFlares":true,"showImageEffects":true,"showParticleSystems":true,"showVisualEffectGraphs":true,"m_FxEnabled":true},"in2DMode":false,"pivot":{"x":16.465396881103517,"y":1.0891833305358887,"z":16.4303035736084},"rotation":{"x":0.01821703277528286,"y":-0.10235996544361115,"z":0.0018698860658332706,"w":0.9946354627609253},"size":0.8682013154029846,"orthographic":false}