{"cameraMode":{"drawMode":0,"name":"Shaded","section":"Shading Mode"},"sceneLighting":false,"audioPlay":false,"sceneViewState":{"m_AlwaysRefresh":false,"showFog":true,"showSkybox":false,"showFlares":true,"showImageEffects":true,"showParticleSystems":true,"showVisualEffectGraphs":true,"m_FxEnabled":true},"in2DMode":false,"pivot":{"x":0.14006511867046357,"y":-0.012012958526611328,"z":0.1363818496465683},"rotation":{"x":0.47495079040527346,"y":-0.5244132876396179,"z":0.48065754771232607,"w":0.5181542038917542},"size":1.2999968528747559,"orthographic":false}