{"cameraMode":{"drawMode":0,"name":"Shaded","section":"Shading Mode"},"sceneLighting":false,"audioPlay":false,"sceneViewState":{"m_AlwaysRefresh":false,"showFog":true,"showSkybox":false,"showFlares":true,"showImageEffects":true,"showParticleSystems":true,"showVisualEffectGraphs":true,"m_FxEnabled":true},"in2DMode":false,"pivot":{"x":0.10265254974365235,"y":-0.2993428707122803,"z":0.029638076201081277},"rotation":{"x":0.5662387609481812,"y":0.42663177847862246,"z":-0.5549488067626953,"w":0.4354401230812073},"size":2.4999966621398927,"orthographic":false}